{
  "accountAssociation": {
    "header": "eyJmaWQiOjg1NjQ4OSwidHlwZSI6ImN1c3RvZHkiLCJrZXkiOiIweEQzQjA5ZjIxODdlOWI4QjEyOEQzQ2Y5NWI2RjkzRmMzYTJhMzEzOTYifQ",
    "payload": "eyJkb21haW4iOiJpbnNpZ2h0LXJ1c3QudmVyY2VsLmFwcCJ9",
    "signature": "MHg0NDJhN2YxZTJiZTkwYjdjZTY0YTNiZWEwNjU5OTkyOTNhN2Y2M2M1OTI2YWZhM2FkYTE1ZWE3Y2EyYWFlOTQ4NWZkOWU0NTFhOTU1NjQ1OGYzMWJjYzcxYjAzY2I2ZTQ2ZmM5MjJkOWZhNjhkYTMzNmM3NTM2NTIyNDBiY2EwMDFi"
  },
  "frame": {
    "version": "1",
    "name": "Insight",
    "iconUrl": "https://insight-rust.vercel.app/logo192.png",
    "homeUrl": "https://insight-rust.vercel.app",
    "imageUrl": "https://insight-rust.vercel.app/logo192.png",
    "buttonTitle": "Analyze my activity",
    "splashImageUrl": "https://insight-rust.vercel.app/splash.png",
    "splashBackgroundColor": "#eeccff",
    "webhookUrl": "https://insight-rust.vercel.app/api/webhook"
  }
}

